"name";"url";"prc";"num";"var";"cat";"vimg";"cur";"imgs";"shdesc"
"Ваги торгові CAMRY";"vagi-torgovi-camry";"2150.00000";"";"Ваги торгові CAMRY світлодіодні";"Вагове обладнання";"42990539_w640_h640_dw.jpg";"4";"";""
"Ваги торгові CAMRY";"vagi-torgovi-camry";"2150.00000";"";"Ваги торгові CAMRY рідкокристалічна";"Вагове обладнання";"camry_2.jpg";"4";"";""
"Ваги торгові CAS ER Junior";"vagi-torgovi-cas-er-junior";"0.00000";"";"";"Вагове обладнання";"668_casberbjuniorbcbu.jpg";"4";"";"<p><span><strong>Торгові ваги CAS ER-Junior</strong>&nbsp;з двома діапазонами зважування, рідко-кристалічним дисплеєм і з вбудованим акумулятором призначені для визначення ваги товару, обчислення його вартості за введеною ціною і&nbsp;відображення результатів на двосторонньому табло.</span></p>
<p><span><strong>Ососбливості моделі ваг CAS ER-Junior:</strong></span></p>
<ul>
<li><span>2 модифікації: базова модель (С) і модель із стійкою (СU).</span></li>
<li><span>Тривалість роботи від акумулятора збільшена до 180 годин (без підствітки).</span></li>
<li><span>Підсвічування дисплея.</span></li>
</ul>
<ul>
<li><span>Платформа з нержавіючої сталі.</span></li>
<li><span>Пряма пам&rsquo;ять на 4 товари.</span></li>
<li><span>Розрахунок вартості товару.</span></li>
<li><span>Віднімання маси тари.</span></li>
<li><span>Підсумовування вартості покупки з декількох товарів і розрахунок здачі.</span></li>
<li><span>Мембранна клавіатура.</span></li>
<li><span>Автоматичне відключення живлення при перервах в роботі.</span></li>
</ul>"
"Ваги товарні CAS DB-1H";"vagi-tovarni-cas-db-1h";"0.00000";"";"";"Вагове обладнання";"108_418.jpg";"4";"";""
"Ваги товарні CAMRY";"vagi-tovarni-camry";"3100.00000";"";"";"Вагове обладнання";"camry.jpg";"4";"";"<p>Клас точності &mdash; середній<br />Якісне виконання на надійність<br />Рідкокристалічний дисплей (LСD)<br />Робота від аккумулятора 500 годин (21 день)<br />Індикація розряду батареї &nbsp; &nbsp; &nbsp; &nbsp; &nbsp; &nbsp; &nbsp; &nbsp; &nbsp; &nbsp; &nbsp; &nbsp; &nbsp; &nbsp; &nbsp; &nbsp; &nbsp; &nbsp; &nbsp; &nbsp; &nbsp; &nbsp; &nbsp; &nbsp; &nbsp; &nbsp; &nbsp; &nbsp; &nbsp; &nbsp; &nbsp; &nbsp; &nbsp; &nbsp; &nbsp;&nbsp; &nbsp; &nbsp; &nbsp; &nbsp; &nbsp; &nbsp; &nbsp; &nbsp; &nbsp; &nbsp; &nbsp; &nbsp; &nbsp; &nbsp; &nbsp; &nbsp; &nbsp; &nbsp; &nbsp; &nbsp; &nbsp; &nbsp; &nbsp; &nbsp; &nbsp; &nbsp; &nbsp; &nbsp; &nbsp; &nbsp; &nbsp; &nbsp; &nbsp; &nbsp; &nbsp; &nbsp; &nbsp; &nbsp; &nbsp; &nbsp; &nbsp;&nbsp;<br />Ваги внесені в ДержреєстрУкраїни під номером У3289-12 ДСТУ EN 45501</p>
<p>Дискретність - 50г</p>"
"Ваги торгові CAS AP-M";"vagi-torgovi-cas-ap-m";"0.00000";"";"";"Вагове обладнання";"_________________4d68ec1335555.jpg";"4";"";""
"Ваги торгові CAS AP-MLT";"vagi-torgovi-cas-ap-mlt";"0.00000";"";"";"Вагове обладнання";"b3d7b5f49c380a858ae762e7509a7eb8.jpg";"4";"";""
" Ваги лабораторні електронні серії BTU";"vagi-laboratorni-elektronni-btu";"0.00000";"";"";"Вагове обладнання";"e779374f56f322687dedbe697f83b485.JPG";"4";"";""
" Ваги аналітичні електронні AXIS серії ANG...С";"vagi-analitichni-elektronni-axis-seriyi-angs";"0.00000";"";"";"Вагове обладнання";"ANG-500x500.jpg";"4";"";""
" Ваги лабораторні AXIS серії А";"vagi-laboratorni-axis-seriyi-a";"0.00000";"";"";"Вагове обладнання";"3516b67c0924ff1ff0f8eb9c9ae15b02.JPG";"4";"";""
" Ваги лабораторні електронні AXIS серії AD";"vagi-laboratorni-elektronni-axis-seriyi-ad";"0.00000";"";"";"Вагове обладнання";"axis_A.JPG";"4";"";""
"Чекодрукуючі ваги CAS серії LP";"chekodrukuiuchi-vagi-cas-seriyi-lp";"0.00000";"";"Чекодрукуючі ваги CAS LP фасовочні";"Вагове обладнання";"4_3982.jpg";"4";"";""
"Чекодрукуючі ваги DIGI SM-100 і DIGI SM-100Plus";"chekodrukuiuchi-vagi-digi-sm-100-i-digi-sm-100plus";"0.00000";"";"";"Вагове обладнання";"08e3807076c08131d38d27905b3cee1e.jpg";"4";"";""
"Чекодрукуючі ваги ШТРИХ-ПРИНТ";"chekodrukuiuchi-vagi-shtrih-print";"0.00000";"";"Чекодрукуючі ваги ШТРИХ-ПРИНТ фасовочні";"Вагове обладнання";"84b74577eb05214c86f51dcd722a53b2.jpg";"4";"";""
"Чекодрукуючі ваги METTLER TOLEDO TIGER";"chekodrukuiuchi-vagi-mettler-toledo-tiger";"0.00000";"";"";"Вагове обладнання";"Mettler-Toledo-Tiger-3600-Pro-15D-.jpg";"4";"";""
"Чекодрукуючі ваги CAS серії LP";"chekodrukuiuchi-vagi-cas-seriyi-lp";"0.00000";"";"Чекодрукуючі ваги CAS LP торгові";"Вагове обладнання";"493679_363069_1351676333.jpg";"4";"";""
"Чекодрукуючі ваги ШТРИХ-ПРИНТ";"chekodrukuiuchi-vagi-shtrih-print";"0.00000";"";"Чекодрукуючі ваги ШТРИХ-ПРИНТ торгові";"Вагове обладнання";"733753_109773_1351677269.jpg";"4";"";""
"Ваги торгові CAS ER-Plus";"vagi-torgoi-cas-er-plus";"0.00000";"";"";"Вагове обладнання";"1553145976fde87a6d53ccb98258f33a.jpg";"4";"";""
"Ваги фасовочні CAS AD, AD-H";"vagi-fasovochni-cas-ad";"0.00000";"";"Ваги фасовочні CAS AD";"Вагове обладнання";"1555.jpg";"4";"";"<p><span><strong>Настільні ваги CAS AD / AD-H</strong><a title=""CAS-AD"" href=""http://luks.com.ua/wp-content/uploads/cas-ad.jpg""><br /></a></span></p>
<ul>
<li><span>Клас точності по ГОСТ 29329 - середній</span></li>
</ul>
<ul>
<li><span>&nbsp; Вибірка маси тари з діапазону зважування</span></li>
</ul>
<ul>
<li><span>&nbsp; Діагностика несправностей</span></li>
</ul>
<ul>
<li><span>&nbsp; Мембранна клавіатура</span></li>
</ul>
<ul>
<li><span>&nbsp; Платформа з нержавіючої сталі</span></li>
</ul>
<ul>
<li><span>&nbsp; Живлення від мережі</span></li>
</ul>
<ul>
<li><span>&nbsp; Інтерфейс RS-232C&nbsp;&nbsp;</span></li>
</ul>
<p><span><strong>&nbsp;</strong></span></p>"
"Ваги фасовочні Jadever JKH";"vagi-fasovochni-jadever-jkh";"0.00000";"";"";"Вагове обладнання";"052ab282d6987f0e3be22027dd9b2061.JPG";"4";"";"<ul>
<li><span><strong>Портативні&nbsp;ваги</strong>&nbsp;з автономним (батареї) і мережевим (220В) живленням. Призначені для широкого застосування в технологічних процесах. Платформа виготовлена з неіржавіючої сталі, тип дисплея - рідкокристалічний.</span></li>
</ul>
<p><span><strong>&nbsp; &nbsp; &nbsp; Основні функції і технічні характеристики ваги Jadever JKH:</strong><br /></span></p>
<ul>
<li><span>&nbsp;вибірка маси тари до 100 % від НПВ;</span></li>
<li><span>&nbsp;функція підрахунку</span></li>
</ul>"
"Ваги фасовочні ВТНЕ";"vagi-fasovochni-vtne";"1980.00000";"";"";"Вагове обладнання";"3040_4480.JPG";"4";"";""
"Ваги фасовочні Днепровес";"vagi-fasovochni-digi-ds-673";"1850.00000";"";"";"Вагове обладнання";"a401e4d448451529236cbd20b3e70122.jpg";"4";"";""
"Ваги фасовочні CAS SW";"vagi-fasovochni-cas-sw";"3450.00000";"";"";"Вагове обладнання";"sw_w_cas.jpg";"4";"";"<p><span>&nbsp;Прості і надійні&nbsp;<strong>ваги</strong>, краще співвідношення ціна-якість серед конкурентів.<br /></span></p>
<ul>
<li><span>&nbsp; Клас точності - середній</span></li>
</ul>
<ul>
<li><span>&nbsp; Віднімання маси тари</span></li>
</ul>
<ul>
<li><span>&nbsp; Рахунковий режим і режим дозування (тільки для моделей SW-C)</span></li>
</ul>
<ul>
<li><span>&nbsp; Усереднювання&nbsp;показів маси при нестабільному навантаженні (тільки для моделей SW)</span></li>
</ul>
<ul>
<li><span>&nbsp; Зважування в заданих межах(тільки для моделей SW-C)</span></li>
</ul>
<ul>
<li><span>&nbsp; Мембранна клавіатура</span></li>
</ul>
<ul>
<li><span>&nbsp; Індикація розрядки батарей</span></li>
</ul>
<ul>
<li><span>&nbsp; Діагностика несправностей</span></li>
</ul>
<ul>
<li><span>&nbsp; Платформа з пластмаси</span></li>
</ul>"
"Ваги фасовочні NWTH";"vagi-fasovochni-nwth";"2460.00000";"";"Ваги фасовочні NWTH";"Вагове обладнання";"NWTH_Weighing_Scale.jpg";"4";"";""
"Ваги фасовочні NWTH";"vagi-fasovochni-nwth";"0.00000";"";"Ваги фасовочні NWTH (D)";"Вагове обладнання";"068.jpg";"4";"";""
"Ваги торгові JPL-N";"vagi-torgovi-jpl-n";"1850.00000";"";"";"Вагове обладнання";"84d21dfdcd93c931627211cca91ed712.jpg";"4";"";""
"Ваги торгові JPL-N 1506";"vagi-torgovi-jpl-n1";"2320.00000";"";"";"Вагове обладнання";"ed54e6aa6c7e48fd9c0dd6a9c42bf387.jpg";"4";"";""
"Ваги торгові JPL";"vagi-torgovi-jpl";"1850.00000";"";"";"Вагове обладнання";"43870086_w640_h640_image019.jpg";"4";"";""
"Ваги електронні ВТНЕ";"vagi-elektronni-vtne";"2100.00000";"";"";"Вагове обладнання";"1.jpg";"4";"";""
"Ваги торгові МК-Т";"vagi-torgovi-mk-t";"3800.00000";"";"Ваги торгові МК-ТВ21";"Вагове обладнання";"39d9380c315c8905e46728a5db9be4a6.jpg";"4";"";"<p><span>Торгівельні електронні ваги виробництва Масса-К серії МК настільні використовуються для статичного зважування маси різних товарів, технологічних операцій, фасовки і розрахунку вартості товару. Ваги бувають з верхнім і нижнім розміщенням клавіатури. Працюють від вбудованого акумулятора, так і від мережі.</span></p>"
"Ваги торгові МК-Т";"vagi-torgovi-mk-t";"3800.00000";"";"Ваги торгові МК-ТН21";"Вагове обладнання";"92196063d1a90f8db0165cbea5d64e7e.jpg";"4";"";"<p><span>Торгівельні електронні ваги виробництва Масса-К серії МК настільні використовуються для статичного зважування маси різних товарів, технологічних операцій, фасовки і розрахунку вартості товару. Ваги бувають з верхнім і нижнім розміщенням клавіатури. Працюють від вбудованого акумулятора, так і від мережі.</span></p>"
"Ваги лабораторні ТВЕ";"vagi-laboratorni-tve";"0.00000";"";"";"Вагове обладнання";"7ef8ddbb88136c979c668d6cbe89f892.jpg";"4";"";""
"Ваги аналітичні AS…/X";"vagi-analitichni-as-x";"0.00000";"";"";"Вагове обладнання";"a6ba07e9775c65b4bf254441913c56ce.jpg";"4";"";""
"Ваги лабораторні ТВЕ... 12-150 кг";"vagi-laboratorni-tve-12-150-kg";"0.00000";"";"Ваги лабораторні ТВЕ-12-0,2";"Вагове обладнання";"bbfc71dbe6b3e6a096a013bb01177cc6.jpg";"4";"";"<p><a href=""http://www.technowagy.com.ua/products.php?L=Ukr&amp;CategoryID=21"">Ваги лабораторні</a><span>&nbsp;загального призначення електронні ТВЕ призначені для визначення маси об'єкту зважування у промисловості, сільському господарстві, медицині, науково&ndash;дослідних закладах.&nbsp;</span></p>"
"Ваги лабораторні ТВЕ... 12-150 кг";"vagi-laboratorni-tve-12-150-kg";"0.00000";"";"Ваги лабораторні ТВЕ-12-0,5";"Вагове обладнання";"fc1d1e50d5b6d868504e9c477efadfbd.jpg";"4";"";"<p><a href=""http://www.technowagy.com.ua/products.php?L=Ukr&amp;CategoryID=21"">Ваги лабораторні</a><span>&nbsp;загального призначення електронні ТВЕ призначені для визначення маси об'єкту зважування у промисловості, сільському господарстві, медицині, науково&ndash;дослідних закладах.&nbsp;</span></p>"
"Ваги лабораторні ТВЕ... 12-150 кг";"vagi-laboratorni-tve-12-150-kg";"3900.00000";"";"Ваги лабораторні ТВЕ-24-0,5";"Вагове обладнання";"7acfdc56635b6ad9ce5e18cbcfcfcea6.jpg";"4";"";"<p><a href=""http://www.technowagy.com.ua/products.php?L=Ukr&amp;CategoryID=21"">Ваги лабораторні</a><span>&nbsp;загального призначення електронні ТВЕ призначені для визначення маси об'єкту зважування у промисловості, сільському господарстві, медицині, науково&ndash;дослідних закладах.&nbsp;</span></p>"
"Ваги лабораторні ТВЕ... 12-150 кг";"vagi-laboratorni-tve-12-150-kg";"0.00000";"";"Ваги лабораторні ТВЕ-30-0,2";"Вагове обладнання";"f9fd0d50c0b6b63c91534136c047538c.jpg";"4";"";"<p><a href=""http://www.technowagy.com.ua/products.php?L=Ukr&amp;CategoryID=21"">Ваги лабораторні</a><span>&nbsp;загального призначення електронні ТВЕ призначені для визначення маси об'єкту зважування у промисловості, сільському господарстві, медицині, науково&ndash;дослідних закладах.&nbsp;</span></p>"
"Ваги лабораторні ТВЕ... 12-150 кг";"vagi-laboratorni-tve-12-150-kg";"0.00000";"";"Ваги лабораторні ТВЕ-30-0,5";"Вагове обладнання";"2fe929ad582f978c6027b6e6c623306d.jpg";"4";"";"<p><a href=""http://www.technowagy.com.ua/products.php?L=Ukr&amp;CategoryID=21"">Ваги лабораторні</a><span>&nbsp;загального призначення електронні ТВЕ призначені для визначення маси об'єкту зважування у промисловості, сільському господарстві, медицині, науково&ndash;дослідних закладах.&nbsp;</span></p>"
"Ваги лабораторні ТВЕ... 12-150 кг";"vagi-laboratorni-tve-12-150-kg";"0.00000";"";"Ваги лабораторні ТВЕ-50-1";"Вагове обладнання";"70ae6d9201c5df0ab96217deb0a14a2c.jpg";"4";"";"<p><a href=""http://www.technowagy.com.ua/products.php?L=Ukr&amp;CategoryID=21"">Ваги лабораторні</a><span>&nbsp;загального призначення електронні ТВЕ призначені для визначення маси об'єкту зважування у промисловості, сільському господарстві, медицині, науково&ndash;дослідних закладах.&nbsp;</span></p>"
"Ваги лабораторні ТВЕ... 12-150 кг";"vagi-laboratorni-tve-12-150-kg";"0.00000";"";"Ваги лабораторні ТВЕ-60-1";"Вагове обладнання";"e7db5d0808d87068fed9acc632e0579f.jpg";"4";"";"<p><a href=""http://www.technowagy.com.ua/products.php?L=Ukr&amp;CategoryID=21"">Ваги лабораторні</a><span>&nbsp;загального призначення електронні ТВЕ призначені для визначення маси об'єкту зважування у промисловості, сільському господарстві, медицині, науково&ndash;дослідних закладах.&nbsp;</span></p>"
"Ваги лабораторні ТВЕ... 12-150 кг";"vagi-laboratorni-tve-12-150-kg";"0.00000";"";"Ваги лабораторні ТВЕ-60-2";"Вагове обладнання";"9201639cba82d417fa39bf22344f27ab.jpg";"4";"";"<p><a href=""http://www.technowagy.com.ua/products.php?L=Ukr&amp;CategoryID=21"">Ваги лабораторні</a><span>&nbsp;загального призначення електронні ТВЕ призначені для визначення маси об'єкту зважування у промисловості, сільському господарстві, медицині, науково&ndash;дослідних закладах.&nbsp;</span></p>"
"Ваги лабораторні ТВЕ... 12-150 кг";"vagi-laboratorni-tve-12-150-kg";"0.00000";"";"Ваги лабораторні ТВЕ-120-5";"Вагове обладнання";"c24fa7a40587b64f046e645b68f649db.jpg";"4";"";"<p><a href=""http://www.technowagy.com.ua/products.php?L=Ukr&amp;CategoryID=21"">Ваги лабораторні</a><span>&nbsp;загального призначення електронні ТВЕ призначені для визначення маси об'єкту зважування у промисловості, сільському господарстві, медицині, науково&ndash;дослідних закладах.&nbsp;</span></p>"
"Ваги лабораторні ТВЕ... 12-150 кг";"vagi-laboratorni-tve-12-150-kg";"0.00000";"";"Ваги лабораторні ТВЕ-120-2";"Вагове обладнання";"99acf147ea7409744a3ebfd4ab033c83.jpg";"4";"";"<p><a href=""http://www.technowagy.com.ua/products.php?L=Ukr&amp;CategoryID=21"">Ваги лабораторні</a><span>&nbsp;загального призначення електронні ТВЕ призначені для визначення маси об'єкту зважування у промисловості, сільському господарстві, медицині, науково&ndash;дослідних закладах.&nbsp;</span></p>"
"Ваги лабораторні ТВЕ... 12-150 кг";"vagi-laboratorni-tve-12-150-kg";"0.00000";"";"Ваги лабораторні ТВЕ-150-5";"Вагове обладнання";"ac245eea3019be698cea44a0ddd2f4f3.jpg";"4";"";"<p><a href=""http://www.technowagy.com.ua/products.php?L=Ukr&amp;CategoryID=21"">Ваги лабораторні</a><span>&nbsp;загального призначення електронні ТВЕ призначені для визначення маси об'єкту зважування у промисловості, сільському господарстві, медицині, науково&ndash;дослідних закладах.&nbsp;</span></p>"
"Ваги лабораторні ТВЕ... 12-150 кг";"vagi-laboratorni-tve-12-150-kg";"0.00000";"";"Ваги лабораторні ТВЕ-300-5";"Вагове обладнання";"74189d9736efd554b70c4eaa149d1694.jpg";"4";"";"<p><a href=""http://www.technowagy.com.ua/products.php?L=Ukr&amp;CategoryID=21"">Ваги лабораторні</a><span>&nbsp;загального призначення електронні ТВЕ призначені для визначення маси об'єкту зважування у промисловості, сільському господарстві, медицині, науково&ndash;дослідних закладах.&nbsp;</span></p>"
"Ваги лабораторні ТВЕ... 12-150 кг";"vagi-laboratorni-tve-12-150-kg";"0.00000";"";"Ваги лабораторні ТВЕ-500-10";"Вагове обладнання";"e68c320ae85dc0bce8d4dedb8205e799.jpg";"4";"";"<p><a href=""http://www.technowagy.com.ua/products.php?L=Ukr&amp;CategoryID=21"">Ваги лабораторні</a><span>&nbsp;загального призначення електронні ТВЕ призначені для визначення маси об'єкту зважування у промисловості, сільському господарстві, медицині, науково&ndash;дослідних закладах.&nbsp;</span></p>"
"Ваги лабораторні ТВЕ... 12-150 кг";"vagi-laboratorni-tve-12-150-kg";"0.00000";"";"Ваги лабораторні ТВЕ-600-10";"Вагове обладнання";"bbc917b099e2846a9ff559606912a325.jpg";"4";"";"<p><a href=""http://www.technowagy.com.ua/products.php?L=Ukr&amp;CategoryID=21"">Ваги лабораторні</a><span>&nbsp;загального призначення електронні ТВЕ призначені для визначення маси об'єкту зважування у промисловості, сільському господарстві, медицині, науково&ndash;дослідних закладах.&nbsp;</span></p>"
"Ваги фасовочні CERTUS Base СВС и СВСд";"vagi-fasovochni-certus-base-svs-i-svsd";"2580.00000";"";"";"Вагове обладнання";"3ca7858e2ac1a6dfa052a6338c7a660a.jpg";"4";"";""
"Ваги торгові DIGI DS-788PM";"vagi-torgovi-digi-ds-788pm";"0.00000";"";"";"Вагове обладнання";"c8f478d5ee1901cf4655ce8f0f0183e1.jpg";"4";"";"<p><span>Відмінною особливістю&nbsp;</span><strong>ваги Digi DS-788</strong><span>&nbsp;є те, що вона може працювати як від зовнішнього адаптеру мережі змінного струму, так і від акумулятора. Окрім цього,</span><strong>ваги</strong><span>&nbsp;мають таку додаткову опцію, як&nbsp;</span><strong>інтерфейс RS-232C</strong><span>, що робить можливим приєднання цих&nbsp;</span><strong>ваг</strong><span>&nbsp;до</span><strong>&nbsp;РРО</strong><span>, та до комп&rsquo;ютера. Поєднання цих характеристик з невисокою вартістю та ергономічним дизайном робить ці ваги вкрай зручними як для використання у магазинах різного типу, особливо у регіонах де можліві перепади з живленням, так і для торгівлі на вулицях або на ринках.</span></p>"
"Ваги фасовочні DIGI DS-708 BM";"vagi-fasovochni-digi-ds-708-bm";"0.00000";"";"";"Вагове обладнання";"b4f37ae48fde322de2e131e8c8957875.jpg";"4";"";""
"Ваги товарні JBS-700М";"vagi-tovarni-jbs-700m";"0.00000";"";"";"Вагове обладнання";"0305cf6941de5f9d958a53c5c2a564eb.png";"4";"";""
"Ваги товарні ВЕСТ";"vagi-tovarni-vest-150";"4200.00000";"";"Ваги товарні ВЕСТ-150";"Вагове обладнання";"vest_60_s3.jpg";"4";"";""
"Ваги товарні ЗЕВС ВПЕ";"vagi-tovarni-zevs-vpe";"4250.00000";"";"Ваги товарні ЗЕВС ВПЕ-200";"Вагове обладнання";"b28ccb2d21ae67bf0e51b94a8bc5d434.png";"4";"";""
"Ваги товарні ВЕСТ";"vagi-tovarni-vest-150";"0.00000";"";"Ваги товарні ВЕСТ-200";"Вагове обладнання";"vest_a15.jpg";"4";"";""
"Ваги товарні ВЕСТ";"vagi-tovarni-vest-150";"0.00000";"";"Ваги товарні ВЕСТ-250";"Вагове обладнання";"vest_60_s3.jpg";"4";"";""
"Ваги товарні ВЕСТ";"vagi-tovarni-vest-150";"5700.00000";"";"Ваги товарні ВЕСТ-300";"Вагове обладнання";"vest_a15.jpg";"4";"";""
"Ваги товарні ВЕСТ";"vagi-tovarni-vest-150";"0.00000";"";"Ваги товарні ВЕСТ-600";"Вагове обладнання";"vest_a15.jpg";"4";"";""
"Ваги фасовочні ВТЕ –Центровес -Т3Б";"vagi-fasovochni-vte-tsentroves-t3b";"0.00000";"";"";"Вагове обладнання";"0cf98ae928059843d82c8e0e0b1c1825.jpg";"4";"";""
"Ваги фасовочні CAS AD, AD-H";"vagi-fasovochni-cas-ad";"0.00000";"";"Ваги фасовочні CAS AD-H";"Вагове обладнання";"cas-ad-448.jpg";"4";"";"<p><span><strong>Настільні ваги CAS AD / AD-H</strong><a title=""CAS-AD"" href=""http://luks.com.ua/wp-content/uploads/cas-ad.jpg""><br /></a></span></p>
<ul>
<li><span>Клас точності по ГОСТ 29329 - середній</span></li>
</ul>
<ul>
<li><span>&nbsp; Вибірка маси тари з діапазону зважування</span></li>
</ul>
<ul>
<li><span>&nbsp; Діагностика несправностей</span></li>
</ul>
<ul>
<li><span>&nbsp; Мембранна клавіатура</span></li>
</ul>
<ul>
<li><span>&nbsp; Платформа з нержавіючої сталі</span></li>
</ul>
<ul>
<li><span>&nbsp; Живлення від мережі</span></li>
</ul>
<ul>
<li><span>&nbsp; Інтерфейс RS-232C&nbsp;&nbsp;</span></li>
</ul>
<p><span><strong>&nbsp;</strong></span></p>"
"Ваги товарні BDU...30-150";"vagi-tovarni-bdu";"4550.00000";"";"";"Вагове обладнання";"1d6afd82b9d8fc2edecfac586d6d605b.jpg";"4";"";"<p><span>Ваги складаються: з корпуса (з елементами захисту від перенавантаження), приймальної платформи (полірована&nbsp; нержавійка), стійки (опція, виконання BDU...C), 4 ніжок, одного високоточного тензометричного датчика сили з класом захисту IP67 (Іспанія) та вагопроцесора ME-01/A/18/RS/..(висота цифр 18мм, LED,IP65 ) ""AXIS"" Європа.</span></p>"
"Ваги фасовочні Штрих-Слим";"vagi-fasovochni-shtrih-slim";"0.00000";"";"Ваги фасовочні Штрих-Слим 3-0,5";"Вагове обладнання";"99b451a2f44130412a1690f4f33baf8c.jpg";"4";"";""
"Ваги фасовочні Штрих-Слим";"vagi-fasovochni-shtrih-slim";"0.00000";"";"Ваги фасовочні Штрих-Слим 6-1";"Вагове обладнання";"a8903c7b8db09c04795808f7b444eed6.jpg";"4";"";""
"Ваги фасовочні Штрих-Слим";"vagi-fasovochni-shtrih-slim";"0.00000";"";"Ваги фасовочні Штрих-Слим 15-2/5";"Вагове обладнання";"65cfdf388af978e7c4fe88f6b08fa4f5.jpg";"4";"";""
"Ваги торгові Mettler Toledo NEW";"vagi-torgovi-mettler-toledo-new";"0.00000";"";"";"Вагове обладнання";"Mettler_Toledo_Tiger_NEW.jpg";"4";"";""
"Ваги торгові ВТД-ЕЛ";"vagi-torgovi-vtd-el";"1570.00000";"";"";"Вагове обладнання";"4dd6c14b3d0625a1cc1eaea6f08f76b2.jpg";"4";"";""
"Ваги торгові PT";"vagi-torgovi-pt";"2304.00000";"";"";"Вагове обладнання";"3adbb48b60ac88224b59a081742868a3.jpg";"4";"";""
"РРО MINI 500.02ME";"rro-mini-50002me";"0.00000";"";"";"Касове обладнання";"29152464_w640_h640_mini500.02_c_gprs.jpg";"4";"";""
"РРО MINI T400ME";"rro-mimi-t400me";"6726.00000";"";"";"Касове обладнання";"215.jpg";"4";"";"<p style=""text-align: justify;""><span><strong>MINI-T 400МЕ - портативний касовий апарат з можливостями передачі даних по бездротових каналах зв'язку (GPRS).</strong></span><br /><span>Касовий апарат MINI-T400МЕ має чіткий графічний екран, надійний механізм друку (SEIKO, Японія), клавіатуру з підвищеною зносостійкістю та акумуляторну батарею, що забезпечує тривалу роботу без підключення до електромережі.</span><br /><span>Система команд касового апарату MINI-T 400МЕ максимально наближена до тієї, яка реалізована в MINI-500.02ME.</span><br /><span>Для MINI-T 400МЕ розроблена прикладна програма, яка дозволяє через ПК виконувати настройки і програмування касового апарату (додавати базу товарів, змінювати базові налаштування та ін)</span></p>"
"РРО MINI-T51.01";"rro-mini-t5101";"6572.00000";"";"РРО MINI-N51.01 EM з КСЕФ";"Касове обладнання";"53635305_w640_h640_3901.jpg";"4";"";"<p><span>Касовий апарат&nbsp;<strong>MINI-T51.01</strong>&nbsp;має контрольну стрічку в електронній формі і відповідає вимогам щодо передачі звітної інформації в податкові служби.</span></p>
<p><span><strong>Касовий апарат MINI-T51.01</strong>&nbsp;має два канали доступу в інтернет: через вбудований GSM / GPRS-модем і Ethernet-підключення.</span></p>
<p><span><span class=""notranslate"">Підключивши MINI-T51 до системи віддаленого управління роботою торгових точок, користувач може отримувати повну інформацію про обсяги продажів товарів і послуг, залишки продукції, грошовому обороті, електронну контрольну стрічку, а також віддалено завантажувати в касу довідник товарів.</span>&nbsp;<span class=""notranslate"">Всі операції здійснюються в автоматичному режимі, без участі касира.</span></span></p>"
"РРО MINI-T61.01";"rro-mini-t6101";"6869.00000";"";"РРО MINI-T61.01 EFM з КСЕФ";"Касове обладнання";"53637832_w640_h640_3911.jpg";"4";"";"<p><span>Касовий апарат&nbsp;<strong>MINI-T61.01</strong>&nbsp;має контрольну стрічку в електронній формі і відповідає вимогам щодо передачі звітної інформації в податкові служби.</span></p>
<p><span><strong>Касовий апарат MINI-T61.01</strong>&nbsp;має два канали доступу в інтернет: через вбудований GSM / GPRS-модем і Ethernet-підключення.</span></p>
<p><span><span class=""notranslate"">Підключивши&nbsp;<strong>MINI-T61.01</strong>&nbsp;до системи віддаленого управління роботою торгових точок, користувач може отримувати повну інформацію про обсяги продажів товарів і послуг, залишки продукції, грошовому обороті, електронну контрольну стрічку, а також віддалено завантажувати в касу довідник товарів.</span>&nbsp;<span class=""notranslate"">Всі операції здійснюються в автоматичному режимі, без участі касира.</span></span></p>"
"РРО MINI-T51.01";"rro-mini-t5101";"7085.00000";"";"РРО MINI-N51.01 EGM з КСЕФ";"Касове обладнання";"53635305_w640_h640_3901.jpg";"4";"";"<p><span>Касовий апарат&nbsp;<strong>MINI-T51.01</strong>&nbsp;має контрольну стрічку в електронній формі і відповідає вимогам щодо передачі звітної інформації в податкові служби.</span></p>
<p><span><strong>Касовий апарат MINI-T51.01</strong>&nbsp;має два канали доступу в інтернет: через вбудований GSM / GPRS-модем і Ethernet-підключення.</span></p>
<p><span><span class=""notranslate"">Підключивши MINI-T51 до системи віддаленого управління роботою торгових точок, користувач може отримувати повну інформацію про обсяги продажів товарів і послуг, залишки продукції, грошовому обороті, електронну контрольну стрічку, а також віддалено завантажувати в касу довідник товарів.</span>&nbsp;<span class=""notranslate"">Всі операції здійснюються в автоматичному режимі, без участі касира.</span></span></p>"
"РРО MINI-T51.01";"rro-mini-t5101";"7193.00000";"";"РРО MINI-N51.01 EGMR з КСЕФ";"Касове обладнання";"53635305_w640_h640_3901.jpg";"4";"";"<p><span>Касовий апарат&nbsp;<strong>MINI-T51.01</strong>&nbsp;має контрольну стрічку в електронній формі і відповідає вимогам щодо передачі звітної інформації в податкові служби.</span></p>
<p><span><strong>Касовий апарат MINI-T51.01</strong>&nbsp;має два канали доступу в інтернет: через вбудований GSM / GPRS-модем і Ethernet-підключення.</span></p>
<p><span><span class=""notranslate"">Підключивши MINI-T51 до системи віддаленого управління роботою торгових точок, користувач може отримувати повну інформацію про обсяги продажів товарів і послуг, залишки продукції, грошовому обороті, електронну контрольну стрічку, а також віддалено завантажувати в касу довідник товарів.</span>&nbsp;<span class=""notranslate"">Всі операції здійснюються в автоматичному режимі, без участі касира.</span></span></p>"
"РРО MG-V545T";"rro-mg-v545t";"5370.00000";"";"";"Касове обладнання";"670cb9a05891e62dd708c3c48c07313d.png";"4";"";""
"РРО MINI-T61.01";"rro-mini-t6101";"7377.00000";"";"РРО MINI-T61.01 EFGM з КСЕФ";"Касове обладнання";"53637832_w640_h640_3911.jpg";"4";"";"<p><span>Касовий апарат&nbsp;<strong>MINI-T61.01</strong>&nbsp;має контрольну стрічку в електронній формі і відповідає вимогам щодо передачі звітної інформації в податкові служби.</span></p>
<p><span><strong>Касовий апарат MINI-T61.01</strong>&nbsp;має два канали доступу в інтернет: через вбудований GSM / GPRS-модем і Ethernet-підключення.</span></p>
<p><span><span class=""notranslate"">Підключивши&nbsp;<strong>MINI-T61.01</strong>&nbsp;до системи віддаленого управління роботою торгових точок, користувач може отримувати повну інформацію про обсяги продажів товарів і послуг, залишки продукції, грошовому обороті, електронну контрольну стрічку, а також віддалено завантажувати в касу довідник товарів.</span>&nbsp;<span class=""notranslate"">Всі операції здійснюються в автоматичному режимі, без участі касира.</span></span></p>"
"РРО MINI T400 ME з КСЕФ";"rro-mini-t400-me-z-ksef";"6048.00000";"";"";"Касове обладнання";"0fd2462fb17c38a922aadcd6d3deba62.jpg";"4";"";"<p><span><strong>MINI-T 400МЕ - портативний касовий апарат з можливостями передачі даних по бездротових каналах зв'язку (GPRS).</strong></span><br /><span>Касовий апарат MINI-T400МЕ має чіткий графічний екран, надійний механізм друку (SEIKO, Японія), клавіатуру з підвищеною зносостійкістю та акумуляторну батарею, що забезпечує тривалу роботу без підключення до електромережі.</span><br /><span>Система команд касового апарату MINI-T 400МЕ максимально наближена до тієї, яка реалізована в MINI-500.02ME.</span><br /><span>Для MINI-T 400МЕ розроблена прикладна програма, яка дозволяє через ПК виконувати настройки і програмування касового апарату (додавати базу товарів, змінювати базові налаштування та ін)</span></p>
<p><span>Головна особливість касового апарату MINI-T 400МЕ - вбудований GSM / GPRS-модем, що відкриває перед користувачами нові можливості:</span></p>"
"Фіскальний реєстратор МІНІ-ФП54.01";"201";"8202.00000";"";"РРО МІНІ-ФП54.01 Ethernet з КСЕФ";"Касове обладнання";"fp54-1-500x500.jpg";"4";"";"<p><span class=""notranslate""><strong>Фіскальний реєстратор МІНІ-ФП54.01</strong>&nbsp;має контрольну стрічку в електронній формі (КСЕФ) і відповідає всім вимогам законодавства України до РРО.</span><span>&nbsp;</span><br /><br /><span class=""notranslate"">Вбудований GSM / GPRS-модем і Ethernet-підключення забезпечують передачу даних по бездротових й провідних каналах зв'язку.</span><span>&nbsp;</span><br /><br /><span class=""notranslate"">Фіскальний реєстратор&nbsp;<strong>МІНІ-ФП54.01</strong>&nbsp;відрізняється невеликими розмірами, надійністю, широкими функціональними можливостями і високою швидкістю друку.</span><span>&nbsp;</span></p>"
"Фіскальний реєстратор МІНІ-ФП54.01";"201";"8683.00000";"";"РРО МІНІ-ФП54.01 Ethernet+GPRS з КСЕФ";"Касове обладнання";"fp54-500x500.jpg";"4";"";"<p><span class=""notranslate""><strong>Фіскальний реєстратор МІНІ-ФП54.01</strong>&nbsp;має контрольну стрічку в електронній формі (КСЕФ) і відповідає всім вимогам законодавства України до РРО.</span><span>&nbsp;</span><br /><br /><span class=""notranslate"">Вбудований GSM / GPRS-модем і Ethernet-підключення забезпечують передачу даних по бездротових й провідних каналах зв'язку.</span><span>&nbsp;</span><br /><br /><span class=""notranslate"">Фіскальний реєстратор&nbsp;<strong>МІНІ-ФП54.01</strong>&nbsp;відрізняється невеликими розмірами, надійністю, широкими функціональними можливостями і високою швидкістю друку.</span><span>&nbsp;</span></p>"
"Фіскальний реєстратор МІНІ-ФП54.01";"201";"9207.00000";"";"РРО МІНІ-ФП54.01 Ethernet+GPRS+Bluetooth з КСЕФ";"Касове обладнання";"fp54-500x500.jpg";"4";"";"<p><span class=""notranslate""><strong>Фіскальний реєстратор МІНІ-ФП54.01</strong>&nbsp;має контрольну стрічку в електронній формі (КСЕФ) і відповідає всім вимогам законодавства України до РРО.</span><span>&nbsp;</span><br /><br /><span class=""notranslate"">Вбудований GSM / GPRS-модем і Ethernet-підключення забезпечують передачу даних по бездротових й провідних каналах зв'язку.</span><span>&nbsp;</span><br /><br /><span class=""notranslate"">Фіскальний реєстратор&nbsp;<strong>МІНІ-ФП54.01</strong>&nbsp;відрізняється невеликими розмірами, надійністю, широкими функціональними можливостями і високою швидкістю друку.</span><span>&nbsp;</span></p>"
"РРО Datecs MP-550T";"rro-datecs-mp-550t";"0.00000";"";"";"Касове обладнання";"2cdaf704f1d0d3c4c64f36c1cf9a82e3.jpg";"4";"";"<p><span>&nbsp;</span><strong><span>Касовий апарат Datecs MP-550T&nbsp;</span></strong><span>призначений для використання у сфері роздрібної торгівлі, громадського харчування та сфери послуг. Наприклад:</span></p>
<ul>
<li><span>Міні-і супермаркети;</span></li>
<li><span>Бутіки;</span></li>
<li><span>Ломбарди;</span></li>
<li><span>Ресторани, бари, кафе;</span></li>
<li><span>Аптеки;</span></li>
<li><span>Магазини мобільного зв'язку.</span></li>
</ul>"
"РРО Datecs MP-50 Junior";"rro-datecs-mp-50-junior";"0.00000";"";"";"Касове обладнання";"49072404_w640_h640_kasm_junior.jpg";"4";"";""
"РРО Екселліо DMP-55L";"rro-eksellio-dmp-55l";"0.00000";"";"";"Касове обладнання";"1134231_w640_h640_dmp55.jpg";"4";"";""
" РРО NEON";"rro-neon";"0.00000";"";" РРО NEON Ethernet";"Касове обладнання";"kassovyy-apparat-datecs-neon.jpg";"4";"";"<p><strong>NEON</strong><span>&nbsp;- універсальний контрольно-касовий апарат середнього рівня для торгівлі, сфери послуг, підприємств громадського харчування з можливістю оподаткування двома податковими ставками, в якому наші інженери застосували компонентну базу з найсучаснішими технологіями, що дозволить Вам використовувати його спільно з будь-якою технікою використовуваної в торговому залі, обмінюватися даними з комп'ютерами та мережами різними способами, працювати ефективніше завдяки високому рівню зручності, функціональності та ергономіки. Багата функціональність, яка дозволяє робити при обслуговуванні клієнтів магазину чи ресторану всі необхідні операції, відповідно до чинних стандартів, що сприяє формуванню правильної фінансової звітності, повністю забезпечуючи цілісність та зберігання інформації. Сучасний ергономічний дизайн, не великі розміри і вбудований акумулятор, дозволять розмістити апарат практично на будь-якому прилавку і комфортно працювати протягом робочого дня.</span></p>"
"РРО Екселліо DMP-55B";"rro-eksellio-dmp-55b";"0.00000";"";"";"Касове обладнання";"DMP-55B-500x500.jpg";"4";"";"<p lang=""uk-UA"" align=""JUSTIFY""><span><span><span><span><span><strong>&laquo;Екселліо&nbsp;</strong></span></span></span></span><span><span><span><span lang=""en-US""><span><strong>DMP</strong></span></span></span></span></span><span><span><span><span><strong>-55</strong></span></span></span></span><span><span><span><span lang=""en-US""><span><strong>B</strong></span></span></span></span></span><span><span><span><span><strong>&raquo;</strong></span></span></span></span><span><span><span>&nbsp;&ndash; портативний касовий апарат для застосування на стаціонарних торгівельних об&rsquo;єктах. При виробництві застосовуються високоякісні матеріали, що гарантує необхідну надійність та довговічність під час експлуатації. При цьому функціональні можливості касового апарата не менш вражаючі і включають в себе останні технологічні досягнення які забезпечують максимальну комфортність та зручність у використанні.</span></span></span></span></p>
<p lang=""uk-UA"" align=""JUSTIFY""><span>Виробництво касового апарата сертифіковано відповідно стандартів&nbsp;</span><span><span lang=""en-US""><strong>ISO</strong></span></span><span><strong>&nbsp;9001:2000</strong></span><span>, що гарантує контроль всіх етапів цього процесу та належну якість продукції. Обладнання внесено до Державного реєстру реєстраторів розрахункових операцій.</span></p>"
"Фіскальний реєстратор Datecs FP-101 Smart";"fiskalnii-reestrator-datecs-fp-t260";"6190.00000";"";"";"Касове обладнання";"8b9a7b6f34f6d6767158fb6e63c557ae.jpg";"4";"";""
"Фіскальний реєстратор IKC-A8800";"fiskalnii-reestrator-mini-fp-6";"11200.00000";"";"";"Касове обладнання";"a93da045938f09ab6f182f03319ee070.jpeg";"4";"";""
"РРО IKC-M510 з КСЕФ";"rro-ikc-m510-z-ksef";"5904.00000";"";"РРО IKC-M510 Ethernet з КСЕФ";"Касове обладнання";"ICS.jpg";"4";"";""
"Фіскальний реєстратор MG-N707TS";"fiskalnii-reestrator-iks-e260t";"1.00000";"";"";"Касове обладнання";"79d9ca18228d63d779f92ca7545610bd.jpg";"4";"";"<p><span><strong>Фіскальний реєстратор ІКС-Е260Т&nbsp;</strong>є представником найбільш якісної категорії фіскального обладнання, яке пропонується українським споживачам<strong>.</strong></span></p>
<div id=""tabs-wrapper"" class=""ui-tabs ui-widget ui-widget-content ui-corner-all"">
<div id=""tabs-body"">
<div id=""desc"" class=""ui-tabs-panel ui-widget-content ui-corner-bottom""><span>Електронний контрольно-касовий реєстратор IKC-E260 використовується при готівковому розрахунку з покупцями за продані товари та послуги на підприємствах торгівлі, громадського харчування, в сфері послуг, при внесенні платежів за послуги стільникового зв'язку мобільних операторів, у ломбардах.</span><span>&nbsp;Фіскальний реєстратор IКС-Е260Т (версії ЕП-06) з модемом IKC-М2 Combi забезпечують передачу контрольно-звітної інформації в електронному вигляді до органів ДПС України, надаючи користувачам вибір використання каналів зв'язку, як провідний, так і бездротової. Модель внесена до Державного реєстру РРО і відповідає всім вимогам Закону України від 02.10.2010 № 265 &laquo;Про застосування реєстраторів розрахункових операцій у сфері торгівлі, Громадського харчування та послуг&raquo; та Наказу Міністерства Фінансів України від 08.10.2012 № 1057 &laquo;Про ЗАТВЕРДЖЕНЕ Вимоги Щодо Створення контрольної стрічкі в електронній формі у реєстраторах розрахункових операцій та модемів для передачі даніх та Порядку передачі Електрон копій розрахункових документів и фіскальніх звітніх чеків реєстраторів розрахункових операцій дротовімі або бездротовімі каналами зв'язку до органів державної податкової служби &raquo;.</span></div>
</div>
</div>"
"Фіскальний реєстратор МІНІ­-ФП81.01";"fiskalnii-reestrator-mini-fp8101";"11352.00000";"";"";"Касове обладнання";"52483130_w640_h640_minifp815.jpg";"4";"";""
"Фіскальний реєстратор Марія 304Т";"fiskalnii-reestrator-mariia-304t";"14300.00000";"";"";"Касове обладнання";"304_1.jpg";"4";"";""
"Фіскальний реєстратор ІКС-Е810Т";"fiskalnii-reestrator-iks-e810t";"14550.00000";"";"";"Касове обладнання";"0f28dc76fd65a8c6342ac6edbf13eca5.jpg";"4";"";""
"Фіскальний реєстратор Екселліо FP2000";"fiskalnii-reestrator-eksellio-fp2000";"12600.00000";"";"";"Касове обладнання";"733c5cc298ea8915d2f0106e82db7333.jpg";"4";"";""
"РРО NEON-W";"rro-neon-w";"6500.00000";"";"РРО NEON-W";"Касове обладнання";"11.jpg";"4";"";""
"Фіскальний реєстратор Datecs FP-T88";"fiskalnii-reestrator-datecs-fp-t88";"17820.00000";"";"";"Касове обладнання";"88-500x500.jpg";"4";"";""
"Фіскальний реєстратор Datecs FP-T320";"fiskalnii-reestrator-datecs-fp-t320";"13100.00000";"";"";"Касове обладнання";"datecs-fp-320.jpg";"4";"";""
"РРО Екселліо DP-25";"rro-eksellio-dp-25";"5661.00000";"";"";"Касове обладнання";"e845fb35b9466b8bfcf0d1df790aea61.jpg";"4";"";"                                                                            "
"РРО Екселліо DP-05";"rro-eksellio-dp-05";"5715.00000";"";"";"Касове обладнання";"6fde3771d536320dc5079ca4338388fc.jpg";"4";"";"                                                                            "
"РРО Екселліо DP-35";"rro-eksellio-dp-35";"6430.00000";"";"";"Касове обладнання";"0f25486d9495903acf878215ab28ff5b.jpg";"4";"";"                                                                            "
"РРО Екселліо DP-45";"rro-eksellio-dp-45";"5895.00000";"";"";"Касове обладнання";"kassovyy-apparat-eksellio-dp-45.jpg";"4";"";""
"Фіскальний реєстратор Екселліо FPU 550ES";"fiskalnii-reestrator-eksellio-fpu-550es";"8424.00000";"";"";"Касове обладнання";"exellio-fpu-550-es-500x500.jpg";"4";"";""
"РРО IKC-M510 з КСЕФ";"rro-ikc-m510-z-ksef";"6536.00000";"";"РРО IKC-M510 GPRS з КСЕФ";"Касове обладнання";"ICS.jpg";"4";"";""
"РРО  Datecs МР-01";"rro-datecs-mr-01";"5200.00000";"";"";"Касове обладнання";"8e9e8cc31c4f89daf574161835827068.jpg";"4";"";""
"Фіскальний реєстратор Екселліо FP700";"fiskalnii-reestrator-eksellio-fp700";"13365.00000";"";"";"Касове обладнання";"d21d5d021e499a9ddc4383245b6f6541.png";"4";"";""
"Термострічка 57.5 мм";"termostrichka-575-mm";"0.00000";"";"Термострічка 57.5мм 19м";"Витратні матеріали";"ba7ea0cbe5c70b837332dacba1b71581.jpg";"4";"";""
"Термострічка 49,5 мм";"termostrichka-495-mm";"0.00000";"";"";"Витратні матеріали";"0c6205d0f8fd898943ce451cbd062f32.jpg";"4";"";""
"Термострічка 80 мм";"termostrichka-80-mm";"1.00000";"";"Термострічка 80мм 21м";"Витратні матеріали";"termolente_57_5_mm.jpg";"4";"";""
"Термострічка 80 мм";"termostrichka-80-mm";"1.00000";"";"Термострічка 80мм 80м";"Витратні матеріали";"termolente_57_5_mm.jpg";"4";"";""
"Термострічка 57.5 мм";"termostrichka-575-mm";"0.00000";"";"Термострічка 57.5мм 60м";"Витратні матеріали";"14b87e2edfd7101d317fc14e86e9e213.jpg";"4";"";""
"Термострічка 59,5 мм";"termostrichka-595-mm";"0.00000";"";"";"Витратні матеріали";"67827f35f657b03065a2cb350cd31ad2.jpg";"4";"";""
"Термоетикетка 30х20ТТОР/2000";"termoetiketka-30h20ttor-2000";"0.00000";"";"";"Витратні матеріали";"1288_6402.jpg";"4";"";""
"Термоетикетка 40х25TECO/2000";"termoetiketka-40h25teco-2000";"0.00000";"";"";"Витратні матеріали";"1828_2644.jpg";"4";"";""
"Термоетикетка 58х30 TECO";"termoetiketka-58h30-teco";"1.00000";"";"Термоетикетка 58х30 TECO 700шт.";"Витратні матеріали";"PA130127.jpg";"4";"";""
"Термоетикетка 58х30 TECO";"termoetiketka-58h30-teco";"1.00000";"";"Термоетикетка 58х30 TECO";"Витратні матеріали";"PA130127.jpg";"4";"";""
"Термоетикетка 58х40 ECO";"termoetiketka-58h40-eco";"0.00000";"";"";"Витратні матеріали";"PA130125.jpg";"4";"";""
"Термоетикетка 58х40 пр ECO";"termoetiketka-58h40-pr-eco";"0.00000";"";"";"Витратні матеріали";"Preprint2.jpg";"4";"";""
"Грошова скринька UNIQ-CB35.01";"groshova-skrinka-uniq-cb3501";"1750.00000";"";"";"POS-обладнання";"UNIQ-CB35.01-500x500.jpg";"4";"";""
"Грошова скринька UNIQ-CB41.01";"groshova-skrinka-uniq-cb4101";"2180.00000";"";"";"POS-обладнання";"UNIQ-CB41.01-500x500.jpg";"4";"";""
"Грошова скринька Міні";"groshova-skrinka-mini";"1750.00000";"";"";"POS-обладнання";"a71956d21eb6da3582ebd06a3e38a213.jpg";"4";"";""
"Грошова скринька HS-410";"groshova-skrinka-hs-410";"1950.00000";"";"";"POS-обладнання";"d-ya-mariya-1.jpg";"4";"";""
"Грошова скринька HPC-460 FT";"groshova-skrinka-hpc-460-ft";"2530.00000";"";"";"POS-обладнання";"466106.jpg";"4";"";""
"POS-термінал UNS mPOS2";"pos-terminal-uns-mpos2";"0.00000";"";"";"POS-обладнання";"ab2dabcb9252d23fcd69f48ff2c7d253.jpg";"4";"";"<p><strong>UNS mPOS2.01</strong><span>&nbsp;- компактний повнофункціональний&nbsp;</span><strong>POS-термінал</strong><span>&nbsp;з вбудованим GSM / GPRS модемом і безвентиляторною системою охолодження. Призначений для автоматизації спрощеного обліку в магазинах, кафе, барах, аптеках та інших торгових підприємствах.</span></p>"
"POS-термінал Posiflex JIVA KS-6715G";"218";"0.00000";"";"";"POS-обладнання";"16078256_w640_h640_posiflex_ks67150.jpg";"4";"";""
"Зчитувач магнітних карт Posiflex MR-2000";"zchituvach-magnitnih-kart-posiflex-mr-2000";"0.00000";"";"";"POS-обладнання";"b6a9051cc30aa83bfa5013cf7330c300.jpg";"4";"";""
"Ручний сканер штрих-коду ZEBEX Z-3010 ";"ruchnii-skaner-shtrih-koda-zebex-z-3010";"0.00000";"";"";"POS-обладнання";"zebex_z-3010_b.jpg";"4";"";"<p><strong>Ручні контактні (ПЗЗ) сканери штрих-коду</strong><span>&nbsp;зчитують інформацію з маркування товару при повному контакті з поверхнею штрих-коду або на незначній відстані від поверхні.</span></p>"
"Ручний лазерний сканер штрих-коду Zebex Z-3151HS";"ruchnii-lazernii-skaner-shtrih-kodu-zebex-z-3151hs";"0.00000";"";"";"POS-обладнання";"ruchnoy-lazernyy-skaner-zebex-z-3151-hs-.jpg";"4";"";"<p><span>Компанія Zebex Ind. представляє новий вдосконалений високошвидкісний ручний лазерний сканер Z-3151HS для зчитування штрихового коду. Модель Zebex Z-3151 прийшла на зміну популярній моделі лазерного сканера штрих-коду Zebex Z-3051. Лазерний сканер штрих-коду Zebex Z-3151 HS, з високою швидкістю сканування - 500 скан / сек, забезпечує найбільш ефективну роботу в порівнянні з іншими ручними сканерами штрих-коду.</span></p>"
"Ручний ПЗС-сканер штрих-коду Z-3190";"ruchnii-pzs-skaner-shtrih-kodu-z-3190";"0.00000";"";"";"POS-обладнання";"3190.jpg";"4";"";"<p><span><span><span class=""notranslate""><span><strong>Z-3190</strong>&nbsp;- вдосконалений ручний ПЗС-сканер зі світлостійкістю 100 000 і міцним корпусом у вигляді пістолета, ідеально відповідний для інтенсивної роботи у важких умовах.</span></span>&nbsp;<span class=""notranslate""><span>Завдяки високошвидкісного і точному декодуванню, він здатний оптимізувати ваш бізнес і підвищити ефективність роботи.</span></span></span></span></p>
<ul>
<li><span><span><span class=""notranslate""><span>Технологія декодування</span>&nbsp;<span><em><strong>Ultrascan</strong></em></span></span></span></span></li>
<li><span><span><span class=""notranslate""><span>32-розрядний мікропроцесор</span></span></span></span></li>
<li><span><span><span class=""notranslate""><span>Можливість декодування штрих-кодів GS1 DataBar</span></span></span></span></li>
<li><span><span><span class=""notranslate""><span>Аналогова технологія захоплення зображення</span></span></span></span></li>
<li><span><span><span class=""notranslate""><span>Витримує падіння з висоти 1,5 м</span></span></span></span></li>
</ul>"
"Термінал збору даних BitaTek IT9000 Revo";"terminal-zboru-danih-bitatek-it9000-revo";"0.00000";"";"";"POS-обладнання";"586_88.jpg";"4";"";"<p><strong>&nbsp;Термінал збору даних BitaTek IT9000 Revo</strong>&nbsp;- компактний і продуктивний термінал збору даних початкового рівня під управлінням Windows CE.</p>
<p><strong>&nbsp; &nbsp;Bitatek IT9000 REVO</strong>&nbsp;можна описати так: висока продуктивність в компактному ергономічному корпусі і за оптимальною ціною.</p>"
"Термінал збору даних CIPHER CPT-8001 LASER";"terminal-zboru-danih-cipher-cpt-8001-laser";"0.00000";"";"";"POS-обладнання";"chiper_cpt-8000_big.jpg";"4";"";""
"Термінал збору даних Argox PT-60";"terminal-zboru-danih-argox-pt-60";"0.00000";"";"";"POS-обладнання";"PT-60-500x500.jpg";"4";"";""
" Принтер для друку чеків UNS-TP51.02";"printer-dlia-druku-chekiv-uns-tp5102";"0.00000";"";"";"POS-обладнання";"uns-tp51-3-500x500.jpg";"4";"";"<p><span>Портативний</span><strong>&nbsp;чековий принтер UNIQ-TP51.02</strong><span>&nbsp;являє собою POS-принтер економкласу. Відрізняється високою якістю друку тексту та графіки, підтримує друк штрихкодів. Ширина паперу 58 мм. Інтерфейси: RS232 або USB.</span></p>"
"Принтер штрих-коду TSC TDP-225";"printer-shtrih-kodu-tsc-tdp-225";"0.00000";"";"";"POS-обладнання";"tdp-225_a__87341_zoom.jpg";"4";"";""
"Принтер штрих-коду Argox OS 2130D";"printer-shtrih-kodu-argox-os-2130d";"0.00000";"";"";"POS-обладнання";"14249.jpg";"4";"";""
"Принтер штрих-коду ZEBRA LP 2824 Plus";"printer-shtrih-kodu-zebra-lp-2824-plus";"0.00000";"";"";"POS-обладнання";"Zebra_LP2824_Plus.jpg";"4";"";""
"Етикет-пістолет Open PH";"odnoriadnii-etiket-pistolet-open-ph";"0.00000";"";"";"POS-обладнання";"1860_6385.jpg";"4";"";""
"Етикет-пістолет Open M6";"odnoriadnii-etiket-pistolet-open-m6";"0.00000";"";"";"POS-обладнання";"6-500x500.jpg";"4";"";""
"Термо принтер ЕКСЕЛЛІО EP-50";"termo-printer-eksellio-ep-50";"0.00000";"";"";"POS-обладнання";"ep50_big-500x500.jpg";"4";"";"<p><span title=""Экселлио ЕР-50 &ndash; проверенный и надежный POS принтер компании DATECS (Болгария), который широко используется на рынке на протяжении уже 10 лет."">Екселліо ЕР-50 - перевірений і надійний POS принтер компанії DATECS (Болгарія), який широко використовується на ринку протягом&nbsp; 10 років.&nbsp;</span><span title=""Чековый термопринтер ЕР-50 полностью совместим с POS системами и контрольно-кассовыми аппаратами, имеет интерфейс подключения денежного ящика."">Чековий термопринтер ЕР-50 повністю сумісний з POS системами та контрольно-касовими апаратами, має інтерфейс підключення грошового ящика.&nbsp;</span><span title=""Небольшой вес (всего 400 гр.) и размеры (106 x 184 x 110 мм) позволяют легко разместить его на кухне, поэтому как кухонный принтер он широко используется в заведениях общественного питания и сфере бытового обслуживания - в ресторанах, кафе, барах, фаст-"">Невелика вага (всього 400 гр.) І розміри (106 x 184 x 110 мм) дозволяють легко розмістити його на кухні, тому як кухонний принтер він широко використовується в закладах громадського харчування і сфері побутового обслуговування - у ресторанах, кафе, барах, фаст-</span><span title=""фудах."">фудах.</span></p>"
"Термо принтер UNIQ-TP61";"termo-printer-uniq-tp61";"0.00000";"";"";"POS-обладнання";"printer-pechati-chekov-uniq-tp61.jpg";"4";"";""
"Термо принтер Posiflex AURA-6900";"termo-printer-posiflex-aura-6900";"0.00000";"";"";"POS-обладнання";"703301_w640_h640_jo4y3vr3x7.jpg";"4";"";""
"Термо принтер Sewoo (Lukhan) LK-T200";"termo-printer-sewoo-lukhan-lk-t200";"0.00000";"";"";"POS-обладнання";"0b2682275ff2fabe2c3bc22f81b1a1f2.jpg";"4";"";""
"Кухонний дзвінок Sewoo (Lukhan) MB-1000";"kuhonnii-dzvinok-sewoo-lukhan-mb-1000";"0.00000";"";"";"POS-обладнання";"c071341d0560a2dfe43139f4a08ed803.jpg";"4";"";"<p><span id=""result_box"" lang=""uk""><span class=""hps"">Кухонний</span>&nbsp;<span class=""hps"">дзвінок</span>&nbsp;<span class=""hps"">Sewoo MB</span>-1000&nbsp;<span class=""hps"">-</span>&nbsp;<span class=""hps"">зовнішнє</span>&nbsp;<span class=""hps alt-edited"">звуковий</span>&nbsp;<span class=""hps alt-edited"">пристрій</span>&nbsp;<span class=""hps"">для</span>&nbsp;<span class=""hps"">автоматизації</span><span class=""hps"">ресторану</span>&nbsp;<span class=""hps"">або</span>&nbsp;<span class=""hps"">кафе</span>.&nbsp;<span class=""hps"">Він</span>&nbsp;<span class=""hps"">може бути підключений</span>&nbsp;<span class=""hps"">до будь</span>&nbsp;<span class=""hps"">чековий термопринтер</span>,<span class=""hps"">сумісного</span>&nbsp;<span class=""hps"">з</span>&nbsp;<span class=""hps"">протоколом</span>&nbsp;<span class=""hps"">EPSON</span>.<br /><br /><span class=""hps"">MB</span>-1000&nbsp;<span class=""hps"">сигналізує</span>&nbsp;<span class=""hps"">про надходження</span>&nbsp;<span class=""hps"">нового замовлення</span>&nbsp;<span class=""hps"">й</span>&nbsp;<span class=""hps"">початку</span>&nbsp;<span class=""hps"">роздруківки</span><span class=""hps"">його</span>&nbsp;<span class=""hps"">на</span>&nbsp;<span class=""hps"">кухонному принтері</span>,&nbsp;<span class=""hps"">тим самим скорочуючи час</span>&nbsp;<span class=""hps"">від</span>&nbsp;<span class=""hps"">прийняття замовлення</span>&nbsp;<span class=""hps"">офіціантом</span>&nbsp;<span class=""hps"">до</span>&nbsp;<span class=""hps"">приготування страв</span>&nbsp;<span class=""hps"">і</span>&nbsp;<span class=""hps"">зводячи до мінімуму</span>&nbsp;<span class=""hps"">можливі помилки</span>&nbsp;<span class=""hps"">персоналу</span>.<br /><br /><span class=""hps"">Кухонний</span>&nbsp;<span class=""hps"">дзвінок</span>&nbsp;<span class=""hps"">має</span>&nbsp;<span class=""hps"">гучний</span>&nbsp;<span class=""hps"">регульований звуковий сигнал</span>,&nbsp;<span class=""hps"">який</span>&nbsp;<span class=""hps"">буде добре чутний</span>&nbsp;<span class=""hps"">в</span>&nbsp;<span class=""hps"">приміщенні</span>&nbsp;<span class=""hps"">з підвищеним рівнем шуму</span>,&nbsp;<span class=""hps"">такому</span>,&nbsp;<span class=""hps"">наприклад</span>,&nbsp;<span class=""hps"">як</span>&nbsp;<span class=""hps"">кухня</span><span class=""hps"">ресторану</span>.<br /><br /><span class=""hps"">Для</span>&nbsp;<span class=""hps"">зручності розміщення</span>&nbsp;<span class=""hps"">в</span>&nbsp;<span class=""hps"">конструкції</span>&nbsp;<span class=""hps"">MB</span>-1000&nbsp;<span class=""hps"">передбачена можливість кріплення</span>&nbsp;<span class=""hps"">на</span>&nbsp;<span class=""hps"">стіну</span>.<br /><span class=""hps"">Основні</span>&nbsp;<span class=""hps"">характеристики</span>&nbsp;<span class=""hps"">кухонного</span>&nbsp;<span class=""hps"">дзвінок</span>&nbsp;<span class=""hps"">Sewoo MB</span>-1000:<br /></span></p>
<ul>
<li><span id=""result_box"" lang=""uk""><span class=""hps"">Тривалість</span>&nbsp;<span class=""hps"">звукового</span>&nbsp;<span class=""hps"">сигналу</span>&nbsp;<span class=""hps"">- 6</span>&nbsp;<span class=""hps alt-edited"">с</span></span></li>
<li><span id=""result_box"" lang=""uk""><span class=""hps"">Можливість</span>&nbsp;<span class=""hps"">регулювання рівня гучності</span>&nbsp;<span class=""hps"">сигналу</span></span></li>
<li><span id=""result_box"" lang=""uk""><span class=""hps"">Інтерфейс підключення</span>:&nbsp;<span class=""hps"">1xRJ</span><span class=""atn"">-12 (</span>6P6C)</span></li>
<li><span id=""result_box"" lang=""uk""><span class=""hps"">Габаритні розміри</span>&nbsp;<span class=""hps atn"">(</span>ШхГхВ): 60&nbsp;<span class=""hps"">х 25</span>&nbsp;<span class=""hps"">х</span>&nbsp;<span class=""hps"">80 мм</span></span></li>
<li><span id=""result_box"" lang=""uk""><span class=""hps"">Маса</span>&nbsp;<span class=""hps"">- 0,055</span>&nbsp;<span class=""hps"">кг</span></span></li>
</ul>"
"Зчитувач Posiflex MR-2100";"zchituvach-posiflex-mr-2100";"0.00000";"";"";"POS-обладнання";"50ecbc00c5762477ab7f6ea89a28d51e.jpg";"4";"";""
"Кухонний дзвінок Posiflex KL-100";"kuhonnii-dzvinok-posiflex-kl-100";"0.00000";"";"";"POS-обладнання";"dzwonek-kl-100.jpg";"4";"";""
"Зчитувач Posiflex серии SD-200";"zchituvach-posiflex-serii-sd-200";"0.00000";"";"";"POS-обладнання";"aa837615e4ae328b78962aee392aeb07.jpg";"4";"";""
"Сканер штрихкодів Honeywell MS 5145 Eclipse";"skaner-shtrihkodiv-honeywell-ms-5145-eclipse";"0.00000";"";"";"POS-обладнання";"c127a79a6edc630d7256183bf0acc3a5.jpg";"4";"";"<p><span class=""hps"">Ручний</span><span>&nbsp;</span><span class=""hps"">лазерний</span><span>&nbsp;</span><span class=""hps"">сканер</span><strong>&nbsp;<span class=""hps"">Metrologic</span>&nbsp;<span class=""hps"">5145</span></strong><br /><br /><span class=""hps"">Нова серія</span><span>&nbsp;</span><span class=""hps"">недорогих</span><span>&nbsp;</span><span class=""hps"">ручних</span><span>&nbsp;</span><span class=""hps"">лазерних</span><span>&nbsp;</span><span class=""hps"">сканерів</span><span>&nbsp;</span><strong>Metrologic Eclipse</strong><span>,&nbsp;</span><span class=""hps"">зберегла всі</span><span>&nbsp;</span><span class=""hps"">основні переваги</span><span class=""hps"">добре</span><span>&nbsp;</span><span class=""hps"">відомих</span><span>&nbsp;</span><span class=""hps"">сканерів</span><span>&nbsp;</span><span class=""hps"">Voyager</span><span>&nbsp;</span><span class=""hps"">MS95х0</span><span>.</span><br /><br /><span class=""hps"">Вбудована</span><span>&nbsp;</span><span class=""hps"">сучасна</span><span>&nbsp;</span><span class=""hps"">технологія</span><span>&nbsp;</span><strong>CodeGate</strong><span>&nbsp;</span><span class=""hps"">дозволяє простим</span><span>&nbsp;</span><span class=""hps"">натисненням</span><span>&nbsp;</span><span class=""hps"">кнопки</span><span>&nbsp;</span><span class=""hps"">перемістити</span><span class=""hps"">лічені</span><span>&nbsp;</span><span class=""hps"">дані в</span><span>&nbsp;</span><span class=""hps"">комп'ютер або інший</span><span>&nbsp;</span><span class=""hps"">головний пристрій</span><span>:</span><br /><br /><span class=""hps"">Затемнення</span><span>&nbsp;</span><strong><span class=""hps"">MS</span>&nbsp;<span class=""hps"">5145</span></strong><span>,&nbsp;</span><span class=""hps"">на відміну</span><span>&nbsp;</span><span class=""hps"">від</span><span>&nbsp;</span><span class=""hps"">Voyager</span><span>&nbsp;</span><span class=""hps"">MS95х0</span><span>,&nbsp;</span><span class=""hps"">поставляється без</span><span>&nbsp;</span><span class=""hps"">підставки</span><span>&nbsp;</span><span class=""hps"">(кнопка</span><span class=""hps"">CodeGate</span><span>&nbsp;</span><span class=""hps"">відключатися</span><span>&nbsp;</span><span class=""hps"">не може)</span><span>&nbsp;</span><span class=""hps"">і цим пояснюється</span><span>&nbsp;</span><span class=""hps"">порівняльна</span><span>&nbsp;</span><span class=""hps"">низька вартість</span><span>&nbsp;</span><span class=""hps"">цієї моделі.</span></p>"
"Сканер штрихкодів Vega V-1030";"skaner-shtrihkodiv-vega-v-1030";"2600.00000";"";"";"POS-обладнання";"5609226d199979e53bac001d31ec3f50.jpg";"4";"";""
"Сканер штрихкодів Honeywell Voyager ® 1200g";"skaner-shtrihkodiv-honeywell-voyager-1200g";"4300.00000";"";"";"POS-обладнання";"8011b9158b38a8570cc939db27869cca.jpg";"4";"";"<p><strong>Honeywell Voyager &reg; 1200g</strong><span>&nbsp;забезпечує високоефективне сканування практично будь-яких лінійних штрихкодів, включаючи штрихкоди низької якості і пошкоджені штрих-коди.</span></p>"
"Сканер штрихкодів Honeywell MS 3580 Quantum USB";"skaner-shtrihkodiv-honeywell-ms-3580-quantum-usb";"0.00000";"";"";"POS-обладнання";"015f85649d664f0dcf50f9167a9abf06.jpg";"4";"";""
"Сканер штрихкодів Datalogic Magellan 1100i";"skaner-shtrihkodiv-datalogic-magellan-1000i";"0.00000";"";"";"POS-обладнання";"dc7688ba638b556284d46d54f13fb36b.jpg";"4";"";"<p><span>&nbsp;Magellan 1000i - це фотозчитувач штрихкодів цілеспрямованної дії. Сканер штрих-кодів Magellan 1000i об'єднує в собі кращі досягнення світлодіодної і лазерної технології сканування, що забезпечує чудову якість зчитування і високу механічну надійність. За рахунок застосування image технології сканер штрих-кодів Magellan 1000i забезпечує високу швидкість сканування і швидке декодування, як звичайних штрих кодів, так і пошкоджених, що істотно підвищує продуктивність і пропускну здатність.</span></p>"
"Сканер штрихкодів Argox AS-8000";"skaner-shtrihkodiv-argox-as-8000";"2130.00000";"";"";"POS-обладнання";"26eadfb94b8de8d86392e1afae481965.jpg";"4";"";"<div><span>Модель Argox AS -8000 володіє герметичним корпусом , завдяки чому сканер має високий ступінь захисту від пилу і вологи. Гумова насадка на скануючої частини захищає вікно сканера від пошкоджень і подряпин , а також забезпечує міцність сканера при падіннях на тверду поверхню з висоти до 1,5 метра.</span></div>
<div><span>Враховуючи всі вищеперелічені особливості , даний сканер можна рекомендувати для застосування в різних сферах торгівлі : на касовому вузлі невеликих по формату магазинів; в POS -системах як другий сканер для зчитування штрих - кодів з великогабаритних товарів в супер-і гіпермаркетах ; в аптеках і ювелірних магазинах для читання високощільних штрих - кодів ; а також на складах або в логістичних центрах.</span></div>"
"Принтер штрих-коду TSC TTP-246M PRO";"printer-shtrih-kodu-tsc-ttp-246m-p";"0.00000";"";"";"POS-обладнання";"2d9c5817da35b0387587074e76ca68b0.jpg";"4";"";""
"Принтер штрих-коду Термопринтер ZEBRA GK 420 D / T";"printer-shtrih-kodu-termoprinter-zebra-gk-420-d-t";"0.00000";"";"";"POS-обладнання";"02636fa3f058256e9892d4dfbd4bc269.jpeg";"4";"";""
"Сканер штрихкодів Honeywell Voyager MS 9540";"skaner-shtrihkodiv-honeywell-voyager-ms-9540";"0.00000";"";"";"POS-обладнання";"ms9520.jpg";"4";"";"<p><strong>Metrologic MS9540 Voyager</strong><span>&nbsp;-&nbsp;</span><strong>лазерний, ручний сканер</strong><span>&nbsp;з однією площиною сканування, є вдосконаленим аналогом&nbsp;</span><strong>сканера</strong><span>&nbsp;Metrologic MS 951.&nbsp;Стенд, який входить&nbsp;в комплект постачання, дозволяє використовувати&nbsp;</span><strong>сканер</strong><span>&nbsp;як стаціонарний пристрій.</span></p>"
"Сканер штрихкоду Proton IMS-3190";"skaner-shtrihkodu-proton-ims-3190";"0.00000";"";"";"POS-обладнання";"3138537.jpg";"4";"";""
"Етикет-пістолет Open C20";"etiket-pistolet-open-c20";"1.00000";"";"";"POS-обладнання";"495399.jpg";"4";"";""
"Етикет-пістолет Blitz PH";"etiket-pistolet-blitz-ph";"1.00000";"";"";"POS-обладнання";"8994664c91a08a8c551ae6d5de7d8aa1.jpg";"4";"";""
"Етикет-пістолет Blitz M6";"etiket-pistolet-blitz-m6";"1.00000";"";"";"POS-обладнання";"8994664c91a08a8c551ae6d5de7d8aa1.jpg";"4";"";""
"Етикет-пістолет Blitz C20";"etiket-pistolet-blitz-c20";"1.00000";"";"";"POS-обладнання";"20-500x500.jpg";"4";"";""
"Детектор валют ДЕКО-50";"detektor-valiut-deko-50";"380.00000";"";"";"Банківське обладнання";"move.jpg";"4";"";""
"Детектор валют Спектр-5-А4/М";"detektor-valiut-spektr-5-a4-m";"0.00000";"";"";"Банківське обладнання";"42252390_w640_h640_spektr5a4m.jpg";"4";"";""
"Інфрачервоний детектор Спектр-Відео-К";"infrachervonii-detektor-spektr-video-k";"0.00000";"";"";"Банківське обладнання";"sp_video_k_big.jpg";"4";"";""
"Лічильник банкнот SPEED LD-52 A";"244";"0.00000";"";"";"Банківське обладнання";"speed_ld_52a.jpg";"4";"";"<p><strong>Лічильник банкнот Speed LD-52</strong><span>&nbsp;призначений для точного перерахунку банкнот різних країн світу, в тому числі і українських гривень.</span><br /><span>Його унікальна конструкція, що включає всі переваги&nbsp;</span><strong>лічильників банкнот</strong><span>&nbsp;як із заднім, так і з переднім завантаженням, надійний механізм і передове&nbsp;</span><strong>програмне забезпечення</strong><span>&nbsp;- все це дозволяє інтенсивно експлуатувати лічильники в різних умовах із збільшеною ресурсоємкостью.</span></p>"
"Лічильник банкнот  SPEED LD-60";"245";"0.00000";"";"";"Банківське обладнання";"speed_ld_60_2.jpg";"4";"";"<p><span>Лічильники банкнот SPEED LD-60 є точними, надійними, високошвидкісними автоматичними машинами. Вони були розроблені для об'єднання багатьох корисних якостей, для простоти використання і обслуговування. Можливість підключення виносного дисплея, робить лічильник дуже зручним для роботи операторів з клієнтами.</span></p>"
"Лічильник банкнот Magner 75 D";"lichilnik-banknot-magner-75-d";"0.00000";"";"";"Банківське обладнання";"449138.jpg";"4";"";"<p><span class=""notranslate"">Високоякісний, надійний настільний лічильник банкнот Magner 75 відрізняється рядом технологічних переваг перед своїми попередниками і лічильниками, виробленими іншими компаніями.</span><span>&nbsp;</span><span class=""notranslate"">Так, спеціальне екранування магнітного поля лічильника Magner 75 дозволяє добитися максимальної точності при прочитуванні магнітних міток з банкнот, а автоматичне коректування настройок чутливості магнітних і оптичних датчиків скорочує кількість операцій по обслуговуванню лічильника Magner 75.</span></p>"
"Лічильник банкнот Magner 35S";"lichilnik-banknot-magner-35s";"0.00000";"";"";"Банківське обладнання";"52412213.jpg";"4";"";"<p><span class=""notranslate"">Лічильник банкнот, який призначений для перерахунку банкнот різних валют.&nbsp;<strong>Magner 35S</strong>&nbsp;вже більше 12 років є однією з найбільш популярних моделей лічильників банкнот з продажу.</span><span>&nbsp;</span><br /><span class=""notranslate"">Приваблива ціна і простота управління вигідно відрізняють дану модель.</span><span>&nbsp;</span><br /><span class=""notranslate"">У лічильнику банкнот Magner 35S використовуються металеві шасі, що забезпечує його високу надійність при обробці будь-якої маси готівки.</span></p>"
"Лічильник банкнот SPEED LD 60A";"lichilnik-banknot-speed-ld-60a";"0.00000";"";"";"Банківське обладнання";"ld-60a-500x500.jpg";"4";"";"<p><span class=""notranslate""><strong>Лічильники банкнот SPEED LD-60А</strong>&nbsp;є точними, надійними, високошвидкісними автоматичними машинами.</span><span>&nbsp;</span><span class=""notranslate"">Вони були розроблені для об'єднання багатьох корисних якостей, для простоти використання і обслуговування.</span><span>&nbsp;</span><span class=""notranslate"">Можливість підключення виносного дисплея, робить лічильник дуже зручним для роботи операторів з клієнтами.</span></p>"
"Детектор валют ДЕКО-60";"detektor-valiut-deko-60";"0.00000";"";"";"Банківське обладнання";"Deko50.jpg";"4";"";""
"Термоетикетка 24х14/2000";"termoetiketka-24h14-2000";"0.00000";"";"";"Витратні матеріали/Термоетикетка";"367193.jpg";"4";"";""
